"date","heat","cool"
2011-01-01,24,0
2011-01-02,23,0
2011-01-03,21,0
2011-01-04,20,0
2011-01-05,19,0
2011-01-06,17,0
2011-01-07,17,0
2011-01-08,20,0
2011-01-09,22,0
2011-01-10,22,0
2011-01-11,21,0
2011-01-12,13,0
2011-01-13,12,0
2011-01-14,10,0
2011-01-15,7,0
2011-01-16,6,0
2011-01-17,5,1
2011-01-18,6,0
2011-01-19,11,0
2011-01-20,10,0
2011-01-21,10,0
2011-01-22,10,0
2011-01-23,10,0
2011-01-24,10,0
2011-01-25,10,0
2011-01-26,10,0
2011-01-27,9,0
2011-01-28,11,0
2011-01-29,15,0
2011-01-30,18,0
2011-01-31,16,0
2011-02-01,17,0
2011-02-02,18,0
2011-02-03,19,0
2011-02-04,16,0
2011-02-05,12,0
2011-02-06,8,0
2011-02-07,7,0
2011-02-08,15,0
2011-02-09,15,0
2011-02-10,15,0
2011-02-11,13,0
2011-02-12,9,0
2011-02-13,11,0
2011-02-14,16,0
2011-02-15,13,0
2011-02-16,15,0
2011-02-17,21,0
2011-02-18,19,0
2011-02-19,21,0
2011-02-20,21,0
2011-02-21,21,0
2011-02-22,20,0
2011-02-23,21,0
2011-02-24,21,0
2011-02-25,20,0
2011-02-26,23,0
2011-02-27,23,0
2011-02-28,21,0
2011-03-01,18,0
2011-03-02,16,0
2011-03-03,12,0
2011-03-04,11,0
2011-03-05,9,0
2011-03-06,11,0
2011-03-07,14,0
2011-03-08,12,0
2011-03-09,9,0
2011-03-10,7,0
2011-03-11,10,0
2011-03-12,12,0
2011-03-13,11,0
2011-03-14,8,0
2011-03-15,6,0
2011-03-16,8,0
2011-03-17,11,0
2011-03-18,15,0
2011-03-19,19,0
2011-03-20,18,0
2011-03-21,18,0
2011-03-22,18,0
2011-03-23,18,0
2011-03-24,19,0
2011-03-25,17,0
2011-03-26,17,0
2011-03-27,14,0
2011-03-28,13,0
2011-03-29,10,0
2011-03-30,4,0
2011-03-31,1,3
2011-04-01,1,4
2011-04-02,5,0
2011-04-03,9,0
2011-04-04,6,0
2011-04-05,6,0
2011-04-06,8,0
2011-04-07,15,0
2011-04-08,20,0
2011-04-09,19,0
2011-04-10,15,0
2011-04-11,12,0
2011-04-12,11,0
2011-04-13,14,0
2011-04-14,11,0
2011-04-15,7,0
2011-04-16,3,2
2011-04-17,2,0
2011-04-18,6,0
2011-04-19,6,0
2011-04-20,7,0
2011-04-21,8,0
2011-04-22,9,0
2011-04-23,9,0
2011-04-24,9,0
2011-04-25,7,0
2011-04-26,8,0
2011-04-27,5,0
2011-04-28,5,0
2011-04-29,9,0
2011-04-30,8,0
2011-05-01,5,0
2011-05-02,2,0
2011-05-03,2,2
2011-05-04,0,3
2011-05-05,0,4
2011-05-06,1,1
2011-05-07,5,0
2011-05-08,9,0
2011-05-09,12,0
2011-05-10,9,0
2011-05-11,7,0
2011-05-12,4,0
2011-05-13,2,0
2011-05-14,8,0
2011-05-15,13,0
2011-05-16,15,0
2011-05-17,14,0
2011-05-18,12,0
2011-05-19,9,0
2011-05-20,6,0
2011-05-21,4,0
2011-05-22,5,0
2011-05-23,8,0
2011-05-24,7,0
2011-05-25,7,0
2011-05-26,7,0
2011-05-27,5,0
2011-05-28,7,0
2011-05-29,10,0
2011-05-30,8,0
2011-05-31,7,0
2011-06-01,9,0
2011-06-02,8,0
2011-06-03,7,0
2011-06-04,8,0
2011-06-05,5,0
2011-06-06,6,0
2011-06-07,4,0
2011-06-08,3,0
2011-06-09,2,1
2011-06-10,2,1
2011-06-11,3,0
2011-06-12,2,0
2011-06-13,0,1
2011-06-14,0,5
2011-06-15,0,5
2011-06-16,0,1
2011-06-17,1,1
2011-06-18,0,1
2011-06-19,1,2
2011-06-20,0,6
2011-06-21,0,9
2011-06-22,0,10
2011-06-23,0,7
2011-06-24,0,4
2011-06-25,0,4
2011-06-26,0,4
2011-06-27,0,6
2011-06-28,1,4
2011-06-29,2,2
2011-06-30,0,2
2011-07-01,0,7
2011-07-02,0,10
2011-07-03,0,11
2011-07-04,0,12
2011-07-05,0,13
2011-07-06,0,12
2011-07-07,0,13
2011-07-08,0,11
2011-07-09,0,9
2011-07-10,0,7
2011-07-11,0,4
2011-07-12,0,3
2011-07-13,0,2
2011-07-14,1,1
2011-07-15,1,1
2011-07-16,0,2
2011-07-17,0,3
2011-07-18,0,6
2011-07-19,0,7
2011-07-20,0,7
2011-07-21,0,7
2011-07-22,0,6
2011-07-23,0,6
2011-07-24,0,7
2011-07-25,0,8
2011-07-26,0,8
2011-07-27,0,7
2011-07-28,0,8
2011-07-29,0,8
2011-07-30,0,9
2011-07-31,0,9
2011-08-01,0,10
2011-08-02,0,10
2011-08-03,0,10
2011-08-04,0,7
2011-08-05,0,6
2011-08-06,0,6
2011-08-07,0,6
2011-08-08,0,7
2011-08-09,0,6
2011-08-10,0,5
2011-08-11,0,5
2011-08-12,0,6
2011-08-13,0,7
2011-08-14,0,8
2011-08-15,0,8
2011-08-16,0,8
2011-08-17,0,9
2011-08-18,0,9
2011-08-19,0,6
2011-08-20,0,4
2011-08-21,0,5
2011-08-22,0,6
2011-08-23,0,10
2011-08-24,0,11
2011-08-25,0,12
2011-08-26,0,13
2011-08-27,0,14
2011-08-28,0,13
2011-08-29,0,11
2011-08-30,0,8
2011-08-31,0,6
2011-09-01,0,6
2011-09-02,0,7
2011-09-03,0,8
2011-09-04,0,8
2011-09-05,0,9
2011-09-06,0,11
2011-09-07,0,14
2011-09-08,0,12
2011-09-09,0,9
2011-09-10,0,6
2011-09-11,0,5
2011-09-12,0,6
2011-09-13,0,6
2011-09-14,0,5
2011-09-15,0,4
2011-09-16,0,1
2011-09-17,0,2
2011-09-18,0,4
2011-09-19,0,8
2011-09-20,0,9
2011-09-21,0,9
2011-09-22,0,9
2011-09-23,0,9
2011-09-24,0,6
2011-09-25,1,1
2011-09-26,0,2
2011-09-27,0,5
2011-09-28,0,8
2011-09-29,0,7
2011-09-30,0,5
2011-10-01,1,5
2011-10-02,1,5
2011-10-03,2,2
2011-10-04,6,0
2011-10-05,9,0
2011-10-06,11,0
2011-10-07,8,0
2011-10-08,5,0
2011-10-09,3,0
2011-10-10,3,0
2011-10-11,1,2
2011-10-12,1,7
2011-10-13,0,9
2011-10-14,0,7
2011-10-15,0,3
2011-10-16,0,3
2011-10-17,0,4
2011-10-18,0,3
2011-10-19,1,0
2011-10-20,2,0
2011-10-21,1,0
2011-10-22,0,2
2011-10-23,0,4
2011-10-24,2,0
2011-10-25,6,0
2011-10-26,7,0
2011-10-27,7,0
2011-10-28,4,0
2011-10-29,3,0
2011-10-30,2,1
2011-10-31,2,0
2011-11-01,4,0
2011-11-02,5,0
2011-11-03,9,0
2011-11-04,16,0
2011-11-05,18,0
2011-11-06,19,0
2011-11-07,16,0
2011-11-08,15,0
2011-11-09,13,0
2011-11-10,11,0
2011-11-11,10,0
2011-11-12,13,0
2011-11-13,10,0
2011-11-14,11,0
2011-11-15,10,0
2011-11-16,10,0
2011-11-17,10,0
2011-11-18,14,0
2011-11-19,16,0
2011-11-20,18,0
2011-11-21,16,0
2011-11-22,15,0
2011-11-23,14,0
2011-11-24,15,0
2011-11-25,13,0
2011-11-26,9,0
2011-11-27,7,0
2011-11-28,7,0
2011-11-29,7,0
2011-11-30,11,0
2011-12-01,14,0
2011-12-02,14,0
2011-12-03,18,0
2011-12-04,19,0
2011-12-05,20,0
2011-12-06,19,0
2011-12-07,18,0
2011-12-08,17,0
2011-12-09,15,0
2011-12-10,15,0
2011-12-11,19,0
2011-12-12,21,0
2011-12-13,19,0
2011-12-14,19,0
2011-12-15,21,0
2011-12-16,18,0
2011-12-17,15,0
2011-12-18,17,0
2011-12-19,19,0
2011-12-20,17,0
2011-12-21,17,0
2011-12-22,19,0
2011-12-23,18,0
2011-12-24,16,0
2011-12-25,14,0
2011-12-26,15,0
2011-12-27,15,0
2011-12-28,12,0
2011-12-29,10,0
2011-12-30,11,0
2011-12-31,11,0
2012-01-01,9,0
2012-01-02,8,0
2012-01-03,8,0
2012-01-04,6,0
2012-01-05,6,0
2012-01-06,11,0
2012-01-07,14,0
2012-01-08,13,0
2012-01-09,11,0
2012-01-10,12,0
2012-01-11,13,0
2012-01-12,11,0
2012-01-13,11,0
2012-01-14,13,0
2012-01-15,16,0
2012-01-16,21,0
2012-01-17,22,0
2012-01-18,20,0
2012-01-19,18,0
2012-01-20,16,0
2012-01-21,15,0
2012-01-22,19,0
2012-01-23,18,0
2012-01-24,15,0
2012-01-25,10,0
2012-01-26,8,0
2012-01-27,10,0
2012-01-28,12,0
2012-01-29,9,0
2012-01-30,12,0
2012-01-31,13,0
2012-02-01,13,0
2012-02-02,13,0
2012-02-03,14,0
2012-02-04,13,0
2012-02-05,12,0
2012-02-06,13,0
2012-02-07,14,0
2012-02-08,10,0
2012-02-09,7,0
2012-02-10,9,0
2012-02-11,14,0
2012-02-12,15,0
2012-02-13,17,0
2012-02-14,18,0
2012-02-15,21,0
2012-02-16,17,0
2012-02-17,14,0
2012-02-18,16,0
2012-02-19,18,0
2012-02-20,18,0
2012-02-21,13,0
2012-02-22,7,0
2012-02-23,7,0
2012-02-24,7,0
2012-02-25,11,0
2012-02-26,15,0
2012-02-27,20,0
2012-02-28,21,0
2012-02-29,21,0
2012-03-01,18,0
2012-03-02,16,0
2012-03-03,11,0
2012-03-04,5,0
2012-03-05,5,0
2012-03-06,15,0
2012-03-07,18,0
2012-03-08,13,0
2012-03-09,7,0
2012-03-10,9,0
2012-03-11,13,0
2012-03-12,13,0
2012-03-13,14,0
2012-03-14,12,0
2012-03-15,10,0
2012-03-16,11,0
2012-03-17,16,0
2012-03-18,22,0
2012-03-19,20,0
2012-03-20,16,0
2012-03-21,10,0
2012-03-22,10,0
2012-03-23,12,0
2012-03-24,14,0
2012-03-25,16,0
2012-03-26,16,0
2012-03-27,15,0
2012-03-28,12,0
2012-03-29,10,0
2012-03-30,8,0
2012-03-31,11,0
2012-04-01,15,0
2012-04-02,11,0
2012-04-03,9,0
2012-04-04,11,0
2012-04-05,15,0
2012-04-06,14,0
2012-04-07,9,0
2012-04-08,9,0
2012-04-09,6,0
2012-04-10,11,0
2012-04-11,14,0
2012-04-12,14,0
2012-04-13,16,0
2012-04-14,16,0
2012-04-15,12,0
2012-04-16,8,0
2012-04-17,5,0
2012-04-18,4,0
2012-04-19,2,0
2012-04-20,0,3
2012-04-21,0,5
2012-04-22,0,2
2012-04-23,4,1
2012-04-24,3,0
2012-04-25,2,1
2012-04-26,7,0
2012-04-27,8,0
2012-04-28,4,0
2012-04-29,2,0
2012-04-30,2,0
2012-05-01,6,0
2012-05-02,7,0
2012-05-03,8,0
2012-05-04,7,0
2012-05-05,5,0
2012-05-06,3,0
2012-05-07,1,1
2012-05-08,0,2
2012-05-09,0,3
2012-05-10,1,1
2012-05-11,1,1
2012-05-12,0,1
2012-05-13,1,2
2012-05-14,2,1
2012-05-15,1,0
2012-05-16,0,3
2012-05-17,1,2
2012-05-18,3,0
2012-05-19,1,1
2012-05-20,0,4
2012-05-21,0,4
2012-05-22,1,3
2012-05-23,1,1
2012-05-24,3,0
2012-05-25,9,0
2012-05-26,11,0
2012-05-27,6,0
2012-05-28,3,0
2012-05-29,1,0
2012-05-30,0,1
2012-05-31,0,6
2012-06-01,0,7
2012-06-02,0,5
2012-06-03,0,3
2012-06-04,2,1
2012-06-05,6,0
2012-06-06,3,0
2012-06-07,1,1
2012-06-08,1,1
2012-06-09,2,0
2012-06-10,0,1
2012-06-11,0,4
2012-06-12,0,5
2012-06-13,0,4
2012-06-14,0,3
2012-06-15,0,3
2012-06-16,0,7
2012-06-17,0,9
2012-06-18,0,7
2012-06-19,0,4
2012-06-20,0,5
2012-06-21,0,4
2012-06-22,2,2
2012-06-23,2,1
2012-06-24,2,2
2012-06-25,2,1
2012-06-26,1,2
2012-06-27,0,3
2012-06-28,0,5
2012-06-29,0,5
2012-06-30,0,5
2012-07-01,0,5
2012-07-02,0,5
2012-07-03,0,5
2012-07-04,0,4
2012-07-05,0,4
2012-07-06,0,5
2012-07-07,0,7
2012-07-08,0,8
2012-07-09,0,10
2012-07-10,0,12
2012-07-11,0,13
2012-07-12,0,12
2012-07-13,0,11
2012-07-14,0,7
2012-07-15,0,6
2012-07-16,0,3
2012-07-17,1,2
2012-07-18,0,3
2012-07-19,0,7
2012-07-20,0,9
2012-07-21,0,11
2012-07-22,0,10
2012-07-23,0,9
2012-07-24,0,7
2012-07-25,0,6
2012-07-26,0,5
2012-07-27,0,5
2012-07-28,0,5
2012-07-29,0,6
2012-07-30,0,8
2012-07-31,0,9
2012-08-01,0,10
2012-08-02,0,10
2012-08-03,0,9
2012-08-04,0,7
2012-08-05,0,9
2012-08-06,0,11
2012-08-07,0,13
2012-08-08,0,14
2012-08-09,0,14
2012-08-10,0,15
2012-08-11,0,15
2012-08-12,0,16
2012-08-13,0,15
2012-08-14,0,15
2012-08-15,0,12
2012-08-16,0,13
2012-08-17,0,13
2012-08-18,0,14
2012-08-19,0,12
2012-08-20,0,12
2012-08-21,0,10
2012-08-22,0,9
2012-08-23,0,8
2012-08-24,0,8
2012-08-25,0,7
2012-08-26,0,5
2012-08-27,0,7
2012-08-28,0,9
2012-08-29,0,11
2012-08-30,0,11
2012-08-31,0,7
2012-09-01,0,5
2012-09-02,0,7
2012-09-03,0,9
2012-09-04,0,10
2012-09-05,0,9
2012-09-06,0,9
2012-09-07,0,9
2012-09-08,0,10
2012-09-09,0,11
2012-09-10,0,9
2012-09-11,0,6
2012-09-12,0,8
2012-09-13,0,10
2012-09-14,0,12
2012-09-15,0,12
2012-09-16,0,9
2012-09-17,0,6
2012-09-18,0,6
2012-09-19,0,7
2012-09-20,0,9
2012-09-21,0,9
2012-09-22,0,10
2012-09-23,0,11
2012-09-24,0,7
2012-09-25,0,4
2012-09-26,0,4
2012-09-27,0,6
2012-09-28,0,7
2012-09-29,0,8
2012-09-30,0,11
2012-10-01,0,13
2012-10-02,0,13
2012-10-03,0,9
2012-10-04,0,4
2012-10-05,0,2
2012-10-06,1,2
2012-10-07,1,2
2012-10-08,2,1
2012-10-09,3,0
2012-10-10,4,0
2012-10-11,7,0
2012-10-12,8,0
2012-10-13,4,0
2012-10-14,1,2
2012-10-15,0,4
2012-10-16,0,6
2012-10-17,0,7
2012-10-18,0,6
2012-10-19,0,3
2012-10-20,2,0
2012-10-21,5,0
2012-10-22,8,0
2012-10-23,10,0
2012-10-24,10,0
2012-10-25,7,0
2012-10-26,4,0
2012-10-27,2,2
2012-10-28,1,2
2012-10-29,1,1
2012-10-30,1,0
2012-10-31,4,0
2012-11-01,7,0
2012-11-02,7,0
2012-11-03,4,0
2012-11-04,1,2
2012-11-05,1,4
2012-11-06,1,3
2012-11-07,2,0
2012-11-08,10,0
2012-11-09,16,0
2012-11-10,18,0
2012-11-11,18,0
2012-11-12,14,0
2012-11-13,10,0
2012-11-14,7,0
2012-11-15,9,0
2012-11-16,10,0
2012-11-17,9,0
2012-11-18,10,0
2012-11-19,10,0
2012-11-20,10,0
2012-11-21,9,0
2012-11-22,9,0
2012-11-23,7,0
2012-11-24,4,0
2012-11-25,7,0
2012-11-26,9,0
2012-11-27,10,0
2012-11-28,12,0
2012-11-29,10,0
2012-11-30,8,0
2012-12-01,8,0
2012-12-02,9,0
2012-12-03,9,0
2012-12-04,10,0
2012-12-05,8,0
2012-12-06,9,0
2012-12-07,10,0
2012-12-08,13,0
2012-12-09,12,0
2012-12-10,11,0
2012-12-11,11,0
2012-12-12,16,0
2012-12-13,19,0
2012-12-14,22,0
2012-12-15,23,0
2012-12-16,20,0
2012-12-17,15,0
2012-12-18,17,0
2012-12-19,23,0
2012-12-20,21,0
2012-12-21,19,0
2012-12-22,19,0
2012-12-23,18,0
2012-12-24,16,0
2012-12-25,20,0
2012-12-26,20,0
2012-12-27,20,0
2012-12-28,22,0
2012-12-29,23,0
2012-12-30,23,0
2012-12-31,23,0
2013-01-01,23,0
2013-01-02,20,0
2013-01-03,18,0
2013-01-04,18,0
2013-01-05,19,0
2013-01-06,21,0
2013-01-07,18,0
2013-01-08,15,0
2013-01-09,14,0
2013-01-10,21,0
2013-01-11,25,0
2013-01-12,26,0
2013-01-13,27,0
2013-01-14,27,0
2013-01-15,24,0
2013-01-16,19,0
2013-01-17,13,0
2013-01-18,11,0
2013-01-19,11,0
2013-01-20,11,0
2013-01-21,10,0
2013-01-22,9,0
2013-01-23,10,0
2013-01-24,11,0
2013-01-25,11,0
2013-01-26,11,0
2013-01-27,16,0
2013-01-28,21,0
2013-01-29,20,0
2013-01-30,15,0
2013-01-31,12,0
2013-02-01,10,0
2013-02-02,10,0
2013-02-03,9,0
2013-02-04,11,0
2013-02-05,14,0
2013-02-06,15,0
2013-02-07,18,0
2013-02-08,22,0
2013-02-09,22,0
2013-02-10,22,0
2013-02-11,20,0
2013-02-12,18,0
2013-02-13,16,0
2013-02-14,12,0
2013-02-15,8,0
2013-02-16,7,0
2013-02-17,13,0
2013-02-18,16,0
2013-02-19,20,0
2013-02-20,22,0
2013-02-21,21,0
2013-02-22,18,0
2013-02-23,18,0
2013-02-24,16,0
2013-02-25,16,0
2013-02-26,15,0
2013-02-27,13,0
2013-02-28,11,0
2013-03-01,6,0
2013-03-02,4,0
2013-03-03,8,0
2013-03-04,10,0
2013-03-05,13,0
2013-03-06,15,0
2013-03-07,17,0
2013-03-08,19,0
2013-03-09,16,0
2013-03-10,13,0
2013-03-11,10,0
2013-03-12,6,0
2013-03-13,2,0
2013-03-14,2,0
2013-03-15,3,0
2013-03-16,5,0
2013-03-17,7,0
2013-03-18,9,0
2013-03-19,8,0
2013-03-20,8,0
2013-03-21,9,0
2013-03-22,10,0
2013-03-23,10,0
2013-03-24,9,0
2013-03-25,8,0
2013-03-26,8,0
2013-03-27,8,0
2013-03-28,7,0
2013-03-29,5,0
2013-03-30,4,0
2013-03-31,8,0
2013-04-01,10,0
2013-04-02,7,0
2013-04-03,5,0
2013-04-04,5,0
2013-04-05,7,0
2013-04-06,6,0
2013-04-07,6,0
2013-04-08,12,0
2013-04-09,9,0
2013-04-10,5,0
2013-04-11,5,0
2013-04-12,4,0
2013-04-13,6,0
2013-04-14,9,0
2013-04-15,12,0
2013-04-16,15,0
2013-04-17,12,0
2013-04-18,9,0
2013-04-19,4,0
2013-04-20,1,1
2013-04-21,1,0
2013-04-22,1,1
2013-04-23,1,0
2013-04-24,4,0
2013-04-25,5,0
2013-04-26,3,0
2013-04-27,0,1
2013-04-28,0,2
2013-04-29,0,2
2013-04-30,2,1
2013-05-01,1,1
2013-05-02,0,3
2013-05-03,0,5
2013-05-04,0,1
2013-05-05,6,0
2013-05-06,7,0
2013-05-07,6,0
2013-05-08,6,0
2013-05-09,4,0
2013-05-10,0,1
2013-05-11,0,5
2013-05-12,0,8
2013-05-13,0,9
2013-05-14,0,4
2013-05-15,1,1
2013-05-16,3,0
2013-05-17,4,0
2013-05-18,2,0
2013-05-19,1,0
2013-05-20,0,3
2013-05-21,1,3
2013-05-22,5,0
2013-05-23,7,0
2013-05-24,6,0
2013-05-25,5,0
2013-05-26,5,0
2013-05-27,4,0
2013-05-28,2,0
2013-05-29,1,2
2013-05-30,1,2
2013-05-31,0,4
2013-06-01,0,7
2013-06-02,0,5
2013-06-03,0,3
2013-06-04,0,3
2013-06-05,0,4
2013-06-06,0,5
2013-06-07,0,8
2013-06-08,0,8
2013-06-09,0,6
2013-06-10,0,2
2013-06-11,0,5
2013-06-12,0,4
2013-06-13,0,3
2013-06-14,0,3
2013-06-15,0,2
2013-06-16,0,4
2013-06-17,0,4
2013-06-18,1,3
2013-06-19,2,2
2013-06-20,1,2
2013-06-21,0,3
2013-06-22,0,5
2013-06-23,1,2
2013-06-24,1,1
2013-06-25,1,4
2013-06-26,0,7
2013-06-27,0,11
2013-06-28,0,14
2013-06-29,0,16
2013-06-30,0,17
2013-07-01,0,16
2013-07-02,0,15
2013-07-03,0,14
2013-07-04,0,14
2013-07-05,0,10
2013-07-06,0,9
2013-07-07,0,10
2013-07-08,0,11
2013-07-09,0,12
2013-07-10,0,10
2013-07-11,0,8
2013-07-12,0,8
2013-07-13,0,9
2013-07-14,0,10
2013-07-15,0,9
2013-07-16,0,7
2013-07-17,0,7
2013-07-18,0,8
2013-07-19,0,9
2013-07-20,0,9
2013-07-21,0,9
2013-07-22,0,10
2013-07-23,0,10
2013-07-24,0,9
2013-07-25,0,11
2013-07-26,0,10
2013-07-27,0,9
2013-07-28,0,7
2013-07-29,0,6
2013-07-30,0,6
2013-07-31,0,6
2013-08-01,0,6
2013-08-02,0,7
2013-08-03,0,8
2013-08-04,0,8
2013-08-05,0,9
2013-08-06,0,8
2013-08-07,0,6
2013-08-08,0,4
2013-08-09,0,4
2013-08-10,0,4
2013-08-11,0,5
2013-08-12,0,7
2013-08-13,0,8
2013-08-14,0,9
2013-08-15,0,10
2013-08-16,0,11
2013-08-17,0,11
2013-08-18,0,11
2013-08-19,0,11
2013-08-20,0,10
2013-08-21,0,9
2013-08-22,0,9
2013-08-23,0,8
2013-08-24,0,8
2013-08-25,0,8
2013-08-26,0,7
2013-08-27,0,8
2013-08-28,0,10
2013-08-29,0,10
2013-08-30,0,12
2013-08-31,0,13
2013-09-01,0,12
2013-09-02,0,11
2013-09-03,0,11
2013-09-04,0,12
2013-09-05,0,11
2013-09-06,0,12
2013-09-07,0,12
2013-09-08,0,11
2013-09-09,0,10
2013-09-10,0,7
2013-09-11,0,5
2013-09-12,0,7
2013-09-13,0,9
2013-09-14,0,10
2013-09-15,0,10
2013-09-16,0,9
2013-09-17,1,5
2013-09-18,0,4
2013-09-19,0,5
2013-09-20,0,4
2013-09-21,1,4
2013-09-22,2,1
2013-09-23,0,4
2013-09-24,0,5
2013-09-25,2,1
2013-09-26,2,0
2013-09-27,2,1
2013-09-28,1,2
2013-09-29,0,3
2013-09-30,0,3
2013-10-01,1,2
2013-10-02,1,2
2013-10-03,2,1
2013-10-04,1,2
2013-10-05,1,4
2013-10-06,1,5
2013-10-07,1,2
2013-10-08,3,0
2013-10-09,6,0
2013-10-10,7,0
2013-10-11,5,0
2013-10-12,4,0
2013-10-13,4,0
2013-10-14,3,0
2013-10-15,1,2
2013-10-16,2,2
2013-10-17,1,1
2013-10-18,1,1
2013-10-19,1,1
2013-10-20,2,0
2013-10-21,2,0
2013-10-22,2,0
2013-10-23,2,0
2013-10-24,4,0
2013-10-25,3,0
2013-10-26,1,0
2013-10-27,3,0
2013-10-28,12,0
2013-10-29,12,0
2013-10-30,11,0
2013-10-31,8,0
2013-11-01,4,0
2013-11-02,4,0
2013-11-03,10,0
2013-11-04,11,0
2013-11-05,10,0
2013-11-06,7,0
2013-11-07,3,1
2013-11-08,4,0
2013-11-09,5,0
2013-11-10,5,0
2013-11-11,4,0
2013-11-12,4,0
2013-11-13,2,2
2013-11-14,3,2
2013-11-15,10,0
2013-11-16,12,0
2013-11-17,11,0
2013-11-18,13,0
2013-11-19,12,0
2013-11-20,11,0
2013-11-21,12,0
2013-11-22,14,0
2013-11-23,14,0
2013-11-24,14,0
2013-11-25,12,0
2013-11-26,11,0
2013-11-27,9,0
2013-11-28,10,0
2013-11-29,11,0
2013-11-30,9,0
2013-12-01,7,0
2013-12-02,8,0
2013-12-03,14,0
2013-12-04,21,0
2013-12-05,25,0
2013-12-06,25,0
2013-12-07,26,0
2013-12-08,27,0
2013-12-09,26,0
2013-12-10,22,0
2013-12-11,18,0
2013-12-12,15,0
2013-12-13,17,0
2013-12-14,15,0
2013-12-15,10,0
2013-12-16,6,0
2013-12-17,5,0
2013-12-18,8,0
2013-12-19,17,0
2013-12-20,18,0
2013-12-21,18,0
2013-12-22,15,0
2013-12-23,12,0
2013-12-24,9,0
2013-12-25,8,0
2013-12-26,7,0
2013-12-27,8,0
2013-12-28,10,0
2013-12-29,11,0
2013-12-30,11,0
2013-12-31,12,0
2014-01-01,11,0
2014-01-02,9,0
2014-01-03,9,0
2014-01-04,10,0
2014-01-05,10,0
2014-01-06,11,0
2014-01-07,12,0
2014-01-08,13,0
2014-01-09,14,0
2014-01-10,11,0
2014-01-11,11,0
2014-01-12,13,0
2014-01-13,10,0
2014-01-14,8,0
2014-01-15,5,0
2014-01-16,4,0
2014-01-17,4,0
2014-01-18,6,0
2014-01-19,6,0
2014-01-20,7,0
2014-01-21,8,0
2014-01-22,6,0
2014-01-23,10,0
2014-01-24,9,0
2014-01-25,4,0
2014-01-26,9,0
2014-01-27,10,0
2014-01-28,9,0
2014-01-29,7,0
2014-01-30,12,0
2014-01-31,15,0
2014-02-01,18,0
2014-02-02,21,0
2014-02-03,20,0
2014-02-04,20,0
2014-02-05,18,0
2014-02-06,20,0
2014-02-07,16,0
2014-02-08,13,0
2014-02-09,11,0
2014-02-10,9,0
2014-02-11,9,0
2014-02-12,7,0
2014-02-13,4,0
2014-02-14,3,0
2014-02-15,5,0
2014-02-16,6,0
2014-02-17,9,0
2014-02-18,11,0
2014-02-19,10,0
2014-02-20,8,0
2014-02-21,7,0
2014-02-22,8,0
2014-02-23,8,0
2014-02-24,7,0
2014-02-25,8,0
2014-02-26,12,0
2014-02-27,9,0
2014-02-28,12,0
2014-03-01,13,0
2014-03-02,13,0
2014-03-03,11,0
2014-03-04,10,0
2014-03-05,7,0
2014-03-06,6,0
2014-03-07,7,0
2014-03-08,5,0
2014-03-09,4,1
2014-03-10,5,0
2014-03-11,7,0
2014-03-12,6,0
2014-03-13,7,0
2014-03-14,7,0
2014-03-15,3,0
2014-03-16,1,2
2014-03-17,5,0
2014-03-18,7,0
2014-03-19,6,0
2014-03-20,6,0
2014-03-21,8,0
2014-03-22,8,0
2014-03-23,8,0
2014-03-24,6,0
2014-03-25,8,0
2014-03-26,12,0
2014-03-27,12,0
2014-03-28,10,0
2014-03-29,8,0
2014-03-30,11,0
2014-03-31,14,0
2014-04-01,17,0
2014-04-02,16,0
2014-04-03,14,0
2014-04-04,14,0
2014-04-05,12,0
2014-04-06,7,0
2014-04-07,1,1
2014-04-08,1,3
2014-04-09,1,3
2014-04-10,1,1
2014-04-11,1,0
2014-04-12,6,0
2014-04-13,6,0
2014-04-14,2,0
2014-04-15,2,0
2014-04-16,2,0
2014-04-17,4,0
2014-04-18,4,0
2014-04-19,4,0
2014-04-20,2,0
2014-04-21,2,0
2014-04-22,7,0
2014-04-23,8,0
2014-04-24,6,0
2014-04-25,10,0
2014-04-26,13,0
2014-04-27,11,0
2014-04-28,5,0
2014-04-29,1,2
2014-04-30,0,4
2014-05-01,0,6
2014-05-02,0,7
2014-05-03,1,5
2014-05-04,2,1
2014-05-05,6,0
2014-05-06,10,0
2014-05-07,9,0
2014-05-08,7,0
2014-05-09,5,0
2014-05-10,6,0
2014-05-11,4,0
2014-05-12,1,1
2014-05-13,0,5
2014-05-14,0,9
2014-05-15,0,10
2014-05-16,0,9
2014-05-17,0,5
2014-05-18,1,1
2014-05-19,4,0
2014-05-20,7,0
2014-05-21,5,0
2014-05-22,3,0
2014-05-23,1,1
2014-05-24,1,2
2014-05-25,0,5
2014-05-26,0,6
2014-05-27,0,6
2014-05-28,1,4
2014-05-29,0,3
2014-05-30,1,3
2014-05-31,1,3
2014-06-01,0,3
2014-06-02,1,2
2014-06-03,0,3
2014-06-04,0,3
2014-06-05,0,5
2014-06-06,0,5
2014-06-07,0,5
2014-06-08,0,8
2014-06-09,0,10
2014-06-10,0,7
2014-06-11,0,5
2014-06-12,0,4
2014-06-13,0,3
2014-06-14,0,3
2014-06-15,1,2
2014-06-16,1,1
2014-06-17,1,0
2014-06-18,0,1
2014-06-19,0,4
2014-06-20,0,7
2014-06-21,0,7
2014-06-22,0,5
2014-06-23,0,5
2014-06-24,0,6
2014-06-25,0,5
2014-06-26,0,4
2014-06-27,0,5
2014-06-28,0,6
2014-06-29,0,7
2014-06-30,0,9
2014-07-01,0,10
2014-07-02,0,10
2014-07-03,0,10
2014-07-04,0,10
2014-07-05,0,12
2014-07-06,0,12
2014-07-07,0,12
2014-07-08,0,11
2014-07-09,0,10
2014-07-10,0,8
2014-07-11,0,7
2014-07-12,0,9
2014-07-13,0,11
2014-07-14,0,11
2014-07-15,0,11
2014-07-16,0,9
2014-07-17,0,7
2014-07-18,0,6
2014-07-19,0,7
2014-07-20,0,8
2014-07-21,0,7
2014-07-22,0,8
2014-07-23,0,9
2014-07-24,0,12
2014-07-25,0,12
2014-07-26,0,13
2014-07-27,0,13
2014-07-28,0,13
2014-07-29,0,14
2014-07-30,0,14
2014-07-31,0,14
2014-08-01,0,14
2014-08-02,0,12
2014-08-03,0,9
2014-08-04,0,8
2014-08-05,0,7
2014-08-06,0,7
2014-08-07,0,8
2014-08-08,0,8
2014-08-09,0,9
2014-08-10,0,9
2014-08-11,0,9
2014-08-12,0,9
2014-08-13,0,8
2014-08-14,0,8
2014-08-15,0,10
2014-08-16,0,11
2014-08-17,0,11
2014-08-18,0,10
2014-08-19,0,6
2014-08-20,0,6
2014-08-21,0,7
2014-08-22,0,7
2014-08-23,0,6
2014-08-24,0,6
2014-08-25,0,5
2014-08-26,0,7
2014-08-27,0,9
2014-08-28,0,12
2014-08-29,0,11
2014-08-30,0,11
2014-08-31,0,10
2014-09-01,0,10
2014-09-02,0,10
2014-09-03,0,8
2014-09-04,0,7
2014-09-05,0,8
2014-09-06,0,10
2014-09-07,0,11
2014-09-08,0,8
2014-09-09,0,8
2014-09-10,0,9
2014-09-11,0,11
2014-09-12,0,12
2014-09-13,0,14
2014-09-14,0,14
2014-09-15,0,14
2014-09-16,0,14
2014-09-17,0,12
2014-09-18,0,7
2014-09-19,0,6
2014-09-20,0,6
2014-09-21,0,5
2014-09-22,0,7
2014-09-23,0,7
2014-09-24,0,8
2014-09-25,1,7
2014-09-26,1,4
2014-09-27,2,1
2014-09-28,2,0
2014-09-29,1,1
2014-09-30,0,2
2014-10-01,0,4
2014-10-02,0,7
2014-10-03,0,10
2014-10-04,0,11
2014-10-05,0,11
2014-10-06,0,10
2014-10-07,0,9
2014-10-08,0,7
2014-10-09,0,4
2014-10-10,0,4
2014-10-11,0,4
2014-10-12,0,5
2014-10-13,0,5
2014-10-14,1,2
2014-10-15,2,1
2014-10-16,2,0
2014-10-17,3,0
2014-10-18,1,0
2014-10-19,1,1
2014-10-20,2,1
2014-10-21,3,1
2014-10-22,3,2
2014-10-23,2,3
2014-10-24,1,4
2014-10-25,3,2
2014-10-26,4,0
2014-10-27,5,0
2014-10-28,3,0
2014-10-29,1,2
2014-10-30,1,1
2014-10-31,5,0
2014-11-01,10,0
2014-11-02,11,0
2014-11-03,10,0
2014-11-04,9,0
2014-11-05,3,1
2014-11-06,1,3
2014-11-07,2,2
2014-11-08,1,2
2014-11-09,1,1
2014-11-10,4,0
2014-11-11,8,0
2014-11-12,7,0
2014-11-13,9,0
2014-11-14,7,0
2014-11-15,8,0
2014-11-16,10,0
2014-11-17,9,0
2014-11-18,8,0
2014-11-19,10,0
2014-11-20,11,0
2014-11-21,11,0
2014-11-22,10,0
2014-11-23,10,0
2014-11-24,10,0
2014-11-25,8,0
2014-11-26,4,0
2014-11-27,4,1
2014-11-28,5,0
2014-11-29,9,0
2014-11-30,11,0
2014-12-01,9,0
2014-12-02,11,0
2014-12-03,8,0
2014-12-04,7,0
2014-12-05,9,0
2014-12-06,7,0
2014-12-07,8,0
2014-12-08,7,0
2014-12-09,7,0
2014-12-10,9,0
2014-12-11,9,0
2014-12-12,14,0
2014-12-13,15,0
2014-12-14,17,0
2014-12-15,17,0
2014-12-16,15,0
2014-12-17,15,0
2014-12-18,15,0
2014-12-19,15,0
2014-12-20,14,0
2014-12-21,10,0
2014-12-22,8,0
2014-12-23,6,0
2014-12-24,9,0
2014-12-25,16,0
2014-12-26,19,0
2014-12-27,20,0
2014-12-28,20,0
2014-12-29,20,0
2014-12-30,22,0
2014-12-31,23,0
2015-01-01,24,0
2015-01-02,23,0
2015-01-03,20,0
2015-01-04,17,0
2015-01-05,11,0
2015-01-06,6,0
2015-01-07,5,0
2015-01-08,7,0
2015-01-09,9,0
2015-01-10,11,0
2015-01-11,12,0
2015-01-12,12,0
2015-01-13,12,0
2015-01-14,13,0
2015-01-15,12,0
2015-01-16,12,0
2015-01-17,9,0
2015-01-18,8,0
2015-01-19,9,0
2015-01-20,12,0
2015-01-21,12,0
2015-01-22,13,0
2015-01-23,11,0
2015-01-24,8,0
2015-01-25,6,0
2015-01-26,7,0
2015-01-27,10,0
2015-01-28,9,0
2015-01-29,8,0
2015-01-30,9,0
2015-01-31,10,0
2015-02-01,9,0
2015-02-02,8,0
2015-02-03,6,0
2015-02-04,6,0
2015-02-05,6,0
2015-02-06,7,0
2015-02-07,8,0
2015-02-08,5,0
2015-02-09,6,0
2015-02-10,8,0
2015-02-11,6,0
2015-02-12,4,1
2015-02-13,3,1
2015-02-14,2,1
2015-02-15,3,0
2015-02-16,5,0
2015-02-17,7,0
2015-02-18,7,0
2015-02-19,6,0
2015-02-20,7,0
2015-02-21,10,0
2015-02-22,14,0
2015-02-23,15,0
2015-02-24,14,0
2015-02-25,12,0
2015-02-26,11,0
2015-02-27,13,0
2015-02-28,15,0
2015-03-01,16,0
2015-03-02,17,0
2015-03-03,15,0
2015-03-04,13,0
2015-03-05,10,0
2015-03-06,7,0
2015-03-07,4,0
2015-03-08,5,0
2015-03-09,6,0
2015-03-10,5,0
2015-03-11,6,0
2015-03-12,3,0
2015-03-13,2,2
2015-03-14,1,3
2015-03-15,1,4
2015-03-16,2,2
2015-03-17,3,0
2015-03-18,4,0
2015-03-19,3,0
2015-03-20,3,0
2015-03-21,4,0
2015-03-22,6,0
2015-03-23,8,0
2015-03-24,7,0
2015-03-25,3,0
2015-03-26,1,2
2015-03-27,1,3
2015-03-28,1,1
2015-03-29,1,1
2015-03-30,1,1
2015-03-31,4,0
2015-04-01,7,0
2015-04-02,8,0
2015-04-03,6,0
2015-04-04,5,0
2015-04-05,11,0
2015-04-06,13,0
2015-04-07,16,0
2015-04-08,13,0
2015-04-09,10,0
2015-04-10,9,0
2015-04-11,7,0
2015-04-12,4,0
2015-04-13,4,0
2015-04-14,7,0
2015-04-15,6,0
2015-04-16,4,0
2015-04-17,2,0
2015-04-18,2,0
2015-04-19,1,0
2015-04-20,3,0
2015-04-21,7,0
2015-04-22,7,0
2015-04-23,8,0
2015-04-24,9,0
2015-04-25,10,0
2015-04-26,7,0
2015-04-27,1,0
2015-04-28,1,3
2015-04-29,1,3
2015-04-30,0,5
2015-05-01,0,4
2015-05-02,0,2
2015-05-03,3,0
2015-05-04,4,0
2015-05-05,6,0
2015-05-06,7,0
2015-05-07,11,0
2015-05-08,12,0
2015-05-09,8,0
2015-05-10,3,0
2015-05-11,3,0
2015-05-12,6,0
2015-05-13,9,0
2015-05-14,11,0
2015-05-15,11,0
2015-05-16,8,0
2015-05-17,7,0
2015-05-18,7,0
2015-05-19,6,0
2015-05-20,5,0
2015-05-21,7,0
2015-05-22,7,0
2015-05-23,6,0
2015-05-24,4,0
2015-05-25,3,0
2015-05-26,3,0
2015-05-27,1,1
2015-05-28,0,1
2015-05-29,0,3
2015-05-30,0,5
2015-05-31,0,3
2015-06-01,1,1
2015-06-02,1,1
2015-06-03,1,1
2015-06-04,3,0
2015-06-05,2,1
2015-06-06,1,1
2015-06-07,0,5
2015-06-08,0,10
2015-06-09,0,7
2015-06-10,0,5
2015-06-11,0,5
2015-06-12,0,7
2015-06-13,0,7
2015-06-14,0,8
2015-06-15,0,7
2015-06-16,0,7
2015-06-17,0,8
2015-06-18,0,8
2015-06-19,0,9
2015-06-20,0,10
2015-06-21,0,7
2015-06-22,0,7
2015-06-23,0,8
2015-06-24,0,8
2015-06-25,0,10
2015-06-26,0,11
2015-06-27,0,10
2015-06-28,0,11
2015-06-29,0,13
2015-06-30,0,14
2015-07-01,0,13
2015-07-02,0,13
2015-07-03,0,11
2015-07-04,0,10
2015-07-05,0,8
2015-07-06,0,7
2015-07-07,0,6
2015-07-08,0,4
2015-07-09,0,2
2015-07-10,0,2
2015-07-11,0,3
2015-07-12,0,5
2015-07-13,0,7
2015-07-14,0,7
2015-07-15,0,7
2015-07-16,0,8
2015-07-17,0,9
2015-07-18,0,7
2015-07-19,0,8
2015-07-20,0,9
2015-07-21,0,9
2015-07-22,0,8
2015-07-23,0,6
2015-07-24,0,8
2015-07-25,0,9
2015-07-26,0,7
2015-07-27,0,7
2015-07-28,0,9
2015-07-29,0,11
2015-07-30,0,13
2015-07-31,0,13
2015-08-01,0,11
2015-08-02,0,10
2015-08-03,0,10
2015-08-04,0,8
2015-08-05,0,10
2015-08-06,0,9
2015-08-07,0,7
2015-08-08,0,6
2015-08-09,0,6
2015-08-10,0,6
2015-08-11,0,6
2015-08-12,0,8
2015-08-13,0,10
2015-08-14,0,12
2015-08-15,0,14
2015-08-16,0,16
2015-08-17,0,14
2015-08-18,0,11
2015-08-19,0,10
2015-08-20,0,8
2015-08-21,0,7
2015-08-22,0,8
2015-08-23,0,9
2015-08-24,0,10
2015-08-25,0,11
2015-08-26,0,13
2015-08-27,0,15
2015-08-28,0,16
2015-08-29,0,13
2015-08-30,0,9
2015-08-31,0,7
2015-09-01,0,7
2015-09-02,0,5
2015-09-03,0,3
2015-09-04,1,2
2015-09-05,1,3
2015-09-06,0,5
2015-09-07,0,9
2015-09-08,0,14
2015-09-09,0,15
2015-09-10,0,16
2015-09-11,0,16
2015-09-12,0,13
2015-09-13,0,12
2015-09-14,0,6
2015-09-15,1,4
2015-09-16,2,2
2015-09-17,1,2
2015-09-18,0,4
2015-09-19,0,8
2015-09-20,0,13
2015-09-21,0,12
2015-09-22,0,8
2015-09-23,0,8
2015-09-24,0,10
2015-09-25,0,12
2015-09-26,0,12
2015-09-27,0,10
2015-09-28,0,9
2015-09-29,0,6
2015-09-30,1,6
2015-10-01,1,5
2015-10-02,0,3
2015-10-03,1,3
2015-10-04,3,0
2015-10-05,3,0
2015-10-06,1,0
2015-10-07,0,3
2015-10-08,0,8
2015-10-09,0,11
2015-10-10,0,11
2015-10-11,0,10
2015-10-12,0,10
2015-10-13,0,11
2015-10-14,0,10
2015-10-15,0,7
2015-10-16,0,5
2015-10-17,1,3
2015-10-18,1,2
2015-10-19,3,0
2015-10-20,1,0
2015-10-21,1,1
2015-10-22,1,1
2015-10-23,1,2
2015-10-24,1,3
2015-10-25,1,3
2015-10-26,1,3
2015-10-27,2,2
2015-10-28,2,2
2015-10-29,2,1
2015-10-30,2,1
2015-10-31,1,3
2015-11-01,2,2
2015-11-02,6,0
2015-11-03,11,0
2015-11-04,13,0
2015-11-05,13,0
2015-11-06,11,0
2015-11-07,8,0
2015-11-08,9,0
2015-11-09,13,0
2015-11-10,15,0
2015-11-11,14,0
2015-11-12,12,0
2015-11-13,8,0
2015-11-14,8,0
2015-11-15,14,0
2015-11-16,17,0
2015-11-17,14,0
2015-11-18,10,0
2015-11-19,7,0
2015-11-20,4,0
2015-11-21,4,1
2015-11-22,4,1
2015-11-23,6,0
2015-11-24,12,0
2015-11-25,18,0
2015-11-26,21,0
2015-11-27,20,0
2015-11-28,20,0
2015-11-29,18,0
2015-11-30,19,0
2015-12-01,16,0
2015-12-02,13,0
2015-12-03,10,0
2015-12-04,14,0
2015-12-05,13,0
2015-12-06,10,0
2015-12-07,8,0
2015-12-08,6,0
2015-12-09,7,0
2015-12-10,10,0
2015-12-11,16,0
2015-12-12,18,0
2015-12-13,18,0
2015-12-14,21,0
2015-12-15,22,0
2015-12-16,22,0
2015-12-17,19,0
2015-12-18,16,0
2015-12-19,17,0
2015-12-20,20,0
2015-12-21,19,0
2015-12-22,14,0
2015-12-23,15,0
2015-12-24,19,0
2015-12-25,22,0
2015-12-26,23,0
2015-12-27,23,0
2015-12-28,25,0
2015-12-29,23,0
2015-12-30,22,0
2015-12-31,22,0
2016-01-01,22,0
2016-01-02,20,0
2016-01-03,17,0
2016-01-04,15,0
2016-01-05,16,0
2016-01-06,19,0
2016-01-07,19,0
2016-01-08,20,0
2016-01-09,20,0
2016-01-10,17,0
2016-01-11,16,0
2016-01-12,14,0
2016-01-13,16,0
2016-01-14,17,0
2016-01-15,16,0
2016-01-16,13,0
2016-01-17,12,0
2016-01-18,12,0
2016-01-19,13,0
2016-01-20,12,0
2016-01-21,10,0
2016-01-22,11,0
2016-01-23,13,0
2016-01-24,15,0
2016-01-25,14,0
2016-01-26,13,0
2016-01-27,11,0
2016-01-28,11,0
2016-01-29,10,0
2016-01-30,12,0
2016-01-31,17,0
2016-02-01,20,0
2016-02-02,22,0
2016-02-03,21,0
2016-02-04,17,0
2016-02-05,13,0
2016-02-06,10,0
2016-02-07,6,0
2016-02-08,3,0
2016-02-09,3,2
2016-02-10,3,1
2016-02-11,3,1
2016-02-12,3,0
2016-02-13,6,0
2016-02-14,5,0
2016-02-15,3,1
2016-02-16,2,2
2016-02-17,6,0
2016-02-18,11,0
2016-02-19,13,0
2016-02-20,12,0
2016-02-21,10,0
2016-02-22,8,0
2016-02-23,7,0
2016-02-24,5,0
2016-02-25,4,0
2016-02-26,5,0
2016-02-27,6,0
2016-02-28,6,0
2016-02-29,4,0
2016-03-01,4,0
2016-03-02,5,0
2016-03-03,6,0
2016-03-04,7,0
2016-03-05,9,0
2016-03-06,11,0
2016-03-07,17,0
2016-03-08,15,0
2016-03-09,11,0
2016-03-10,7,0
2016-03-11,11,0
2016-03-12,15,0
2016-03-13,15,0
2016-03-14,10,0
2016-03-15,9,0
2016-03-16,5,0
2016-03-17,4,0
2016-03-18,4,0
2016-03-19,5,0
2016-03-20,6,0
2016-03-21,9,0
2016-03-22,12,0
2016-03-23,10,0
2016-03-24,7,0
2016-03-25,6,0
2016-03-26,6,0
2016-03-27,7,0
2016-03-28,12,0
2016-03-29,15,0
2016-03-30,14,0
2016-03-31,11,0
2016-04-01,8,0
2016-04-02,5,0
2016-04-03,3,0
2016-04-04,3,0
2016-04-05,2,0
2016-04-06,0,2
2016-04-07,3,0
2016-04-08,7,0
2016-04-09,8,0
2016-04-10,9,0
2016-04-11,7,0
2016-04-12,7,0
2016-04-13,6,0
2016-04-14,8,0
2016-04-15,8,0
2016-04-16,4,0
2016-04-17,1,1
2016-04-18,0,3
2016-04-19,0,3
2016-04-20,1,2
2016-04-21,2,0
2016-04-22,7,0
2016-04-23,8,0
2016-04-24,7,0
2016-04-25,12,0
2016-04-26,10,0
2016-04-27,10,0
2016-04-28,10,0
2016-04-29,8,0
2016-04-30,7,0
2016-05-01,4,0
2016-05-02,3,0
2016-05-03,1,0
2016-05-04,3,0
2016-05-05,7,0
2016-05-06,9,0
2016-05-07,8,0
2016-05-08,7,0
2016-05-09,5,0
2016-05-10,3,0
2016-05-11,1,1
2016-05-12,0,2
2016-05-13,1,2
2016-05-14,3,0
2016-05-15,4,0
2016-05-16,3,0
2016-05-17,1,1
2016-05-18,0,3
2016-05-19,2,1
2016-05-20,8,0
2016-05-21,10,0
2016-05-22,8,0
2016-05-23,8,0
2016-05-24,7,0
2016-05-25,6,0
2016-05-26,4,0
2016-05-27,2,0
2016-05-28,1,1
2016-05-29,1,1
2016-05-30,0,3
2016-05-31,0,5
2016-06-01,0,6
2016-06-02,0,8
2016-06-03,0,10
2016-06-04,0,9
2016-06-05,0,7
2016-06-06,0,6
2016-06-07,0,6
2016-06-08,0,6
2016-06-09,0,4
2016-06-10,0,3
2016-06-11,1,1
2016-06-12,1,1
2016-06-13,1,1
2016-06-14,2,1
2016-06-15,4,0
2016-06-16,3,0
2016-06-17,2,2
2016-06-18,1,6
2016-06-19,0,10
2016-06-20,0,12
2016-06-21,0,12
2016-06-22,0,10
2016-06-23,0,8
2016-06-24,0,7
2016-06-25,0,9
2016-06-26,0,11
2016-06-27,0,13
2016-06-28,0,13
2016-06-29,0,12
2016-06-30,0,10
2016-07-01,0,9
2016-07-02,0,8
2016-07-03,0,7
2016-07-04,0,6
2016-07-05,0,6
2016-07-06,0,5
2016-07-07,0,5
2016-07-08,0,6
2016-07-09,0,7
2016-07-10,0,6
2016-07-11,0,5
2016-07-12,0,5
2016-07-13,0,8
2016-07-14,0,10
2016-07-15,0,10
2016-07-16,0,8
2016-07-17,0,7
2016-07-18,0,7
2016-07-19,0,7
2016-07-20,0,10
2016-07-21,0,11
2016-07-22,0,13
2016-07-23,0,13
2016-07-24,0,12
2016-07-25,0,13
2016-07-26,0,14
2016-07-27,0,15
2016-07-28,0,15
2016-07-29,0,15
2016-07-30,0,14
2016-07-31,0,12
2016-08-01,0,11
2016-08-02,0,11
2016-08-03,0,10
2016-08-04,0,9
2016-08-05,0,7
2016-08-06,0,7
2016-08-07,0,8
2016-08-08,0,8
2016-08-09,0,7
2016-08-10,0,7
2016-08-11,0,8
2016-08-12,0,10
2016-08-13,0,12
2016-08-14,0,14
2016-08-15,0,13
2016-08-16,0,12
2016-08-17,0,13
2016-08-18,0,11
2016-08-19,0,10
2016-08-20,0,10
2016-08-21,0,10
2016-08-22,0,9
2016-08-23,0,9
2016-08-24,0,9
2016-08-25,0,8
2016-08-26,0,5
2016-08-27,0,5
2016-08-28,0,8
2016-08-29,0,10
2016-08-30,0,11
2016-08-31,0,11
2016-09-01,0,8
2016-09-02,0,7
2016-09-03,0,4
2016-09-04,1,2
2016-09-05,0,2
2016-09-06,0,5
2016-09-07,0,7
2016-09-08,0,7
2016-09-09,0,8
2016-09-10,0,8
2016-09-11,0,7
2016-09-12,1,3
2016-09-13,2,0
2016-09-14,1,0
2016-09-15,0,2
2016-09-16,0,4
2016-09-17,0,7
2016-09-18,0,11
2016-09-19,0,12
2016-09-20,0,9
2016-09-21,0,6
2016-09-22,2,1
2016-09-23,2,1
2016-09-24,0,4
2016-09-25,0,10
2016-09-26,0,13
2016-09-27,0,12
2016-09-28,0,9
2016-09-29,0,8
2016-09-30,0,6
2016-10-01,2,4
2016-10-02,3,1
2016-10-03,5,0
2016-10-04,4,0
2016-10-05,3,0
2016-10-06,2,2
2016-10-07,1,4
2016-10-08,0,7
2016-10-09,0,7
2016-10-10,0,4
2016-10-11,1,1
2016-10-12,2,0
2016-10-13,2,0
2016-10-14,2,1
2016-10-15,2,0
2016-10-16,3,0
2016-10-17,4,0
2016-10-18,4,0
2016-10-19,3,2
2016-10-20,1,4
2016-10-21,1,5
2016-10-22,1,2
2016-10-23,2,1
2016-10-24,4,0
2016-10-25,3,0
2016-10-26,1,0
2016-10-27,3,1
2016-10-28,3,1
2016-10-29,2,1
2016-10-30,4,0
2016-10-31,8,0
2016-11-01,9,0
2016-11-02,6,0
2016-11-03,3,1
2016-11-04,2,1
2016-11-05,3,1
2016-11-06,4,0
2016-11-07,2,0
2016-11-08,1,2
2016-11-09,1,3
2016-11-10,1,3
2016-11-11,1,2
2016-11-12,2,1
2016-11-13,2,2
2016-11-14,2,2
2016-11-15,3,0
2016-11-16,9,0
2016-11-17,13,0
2016-11-18,11,0
2016-11-19,11,0
2016-11-20,10,0
2016-11-21,12,0
2016-11-22,13,0
2016-11-23,13,0
2016-11-24,12,0
2016-11-25,12,0
2016-11-26,17,0
2016-11-27,17,0
2016-11-28,17,0
2016-11-29,16,0
2016-11-30,17,0
2016-12-01,17,0
2016-12-02,17,0
2016-12-03,16,0
2016-12-04,13,0
2016-12-05,15,0
2016-12-06,17,0
2016-12-07,19,0
2016-12-08,17,0
2016-12-09,12,0
2016-12-10,10,0
2016-12-11,11,0
2016-12-12,12,0
2016-12-13,11,0
2016-12-14,10,0
2016-12-15,11,0
2016-12-16,15,0
2016-12-17,22,0
2016-12-18,23,0
2016-12-19,19,0
2016-12-20,14,0
2016-12-21,13,0
2016-12-22,15,0
2016-12-23,18,0
2016-12-24,21,0
2016-12-25,25,0
2016-12-26,23,0
2016-12-27,18,0
2016-12-28,14,0
2016-12-29,11,0
2016-12-30,15,0
2016-12-31,18,0
2017-01-01,21,0
2017-01-02,22,0
2017-01-03,19,0
2017-01-04,17,0
2017-01-05,16,0
2017-01-06,20,0
2017-01-07,18,0
2017-01-08,10,0
2017-01-09,13,0
2017-01-10,15,0
2017-01-11,15,0
2017-01-12,18,0
2017-01-13,20,0
2017-01-14,17,0
2017-01-15,18,0
2017-01-16,17,0
2017-01-17,18,0
2017-01-18,19,0
2017-01-19,18,0
2017-01-20,19,0
2017-01-21,19,0
2017-01-22,19,0
2017-01-23,20,0
2017-01-24,22,0
2017-01-25,22,0
2017-01-26,22,0
2017-01-27,20,0
2017-01-28,15,0
2017-01-29,12,0
2017-01-30,10,0
2017-01-31,10,0
2017-02-01,13,0
2017-02-02,14,0
2017-02-03,13,0
2017-02-04,12,0
2017-02-05,15,0
2017-02-06,14,0
2017-02-07,11,0
2017-02-08,7,0
2017-02-09,6,0
2017-02-10,9,0
2017-02-11,14,0
2017-02-12,13,0
2017-02-13,11,0
2017-02-14,9,0
2017-02-15,8,0
2017-02-16,11,0
2017-02-17,14,0
2017-02-18,15,0
2017-02-19,17,0
2017-02-20,14,0
2017-02-21,11,0
2017-02-22,16,0
2017-02-23,21,0
2017-02-24,22,0
2017-02-25,21,0
2017-02-26,21,0
2017-02-27,20,0
2017-02-28,18,0
2017-03-01,16,0
2017-03-02,11,0
2017-03-03,9,0
2017-03-04,13,0
2017-03-05,18,0
2017-03-06,21,0
2017-03-07,16,0
2017-03-08,10,0
2017-03-09,5,0
2017-03-10,4,0
2017-03-11,3,0
2017-03-12,2,0
2017-03-13,2,1
2017-03-14,1,1
2017-03-15,2,1
2017-03-16,3,0
2017-03-17,3,0
2017-03-18,4,0
2017-03-19,4,0
2017-03-20,7,0
2017-03-21,8,0
2017-03-22,11,0
2017-03-23,13,0
2017-03-24,13,0
2017-03-25,11,0
2017-03-26,11,0
2017-03-27,11,0
2017-03-28,9,0
2017-03-29,5,0
2017-03-30,8,0
2017-03-31,10,0
2017-04-01,7,0
2017-04-02,5,0
2017-04-03,7,0
2017-04-04,6,0
2017-04-05,3,0
2017-04-06,5,0
2017-04-07,8,0
2017-04-08,12,0
2017-04-09,13,0
2017-04-10,10,0
2017-04-11,9,0
2017-04-12,7,0
2017-04-13,10,0
2017-04-14,12,0
2017-04-15,9,0
2017-04-16,8,0
2017-04-17,7,0
2017-04-18,5,0
2017-04-19,5,0
2017-04-20,6,0
2017-04-21,2,1
2017-04-22,3,2
2017-04-23,4,0
2017-04-24,8,0
2017-04-25,7,0
2017-04-26,5,0
2017-04-27,4,0
2017-04-28,5,0
2017-04-29,3,0
2017-04-30,2,1
2017-05-01,0,2
2017-05-02,0,4
2017-05-03,0,6
2017-05-04,0,6
2017-05-05,1,1
2017-05-06,10,0
2017-05-07,12,0
2017-05-08,7,0
2017-05-09,4,0
2017-05-10,6,0
2017-05-11,3,0
2017-05-12,6,0
2017-05-13,8,0
2017-05-14,10,0
2017-05-15,11,0
2017-05-16,11,0
2017-05-17,9,0
2017-05-18,4,0
2017-05-19,0,1
2017-05-20,0,5
2017-05-21,0,6
2017-05-22,0,6
2017-05-23,0,7
2017-05-24,0,4
2017-05-25,5,0
2017-05-26,5,0
2017-05-27,3,0
2017-05-28,1,1
2017-05-29,0,1
2017-05-30,1,2
2017-05-31,2,0
2017-06-01,0,0
2017-06-02,0,3
2017-06-03,0,5
2017-06-04,0,5
2017-06-05,0,4
2017-06-06,0,3
2017-06-07,0,2
2017-06-08,2,1
2017-06-09,2,1
2017-06-10,4,0
2017-06-11,7,0
2017-06-12,7,0
2017-06-13,2,0
2017-06-14,0,2
2017-06-15,0,5
2017-06-16,0,9
2017-06-17,0,10
2017-06-18,0,13
2017-06-19,0,14
2017-06-20,0,14
2017-06-21,0,13
2017-06-22,0,12
2017-06-23,0,11
2017-06-24,0,11
2017-06-25,0,12
2017-06-26,0,10
2017-06-27,0,8
2017-06-28,0,6
2017-06-29,0,5
2017-06-30,0,6
2017-07-01,0,6
2017-07-02,0,6
2017-07-03,0,8
2017-07-04,0,10
2017-07-05,0,10
2017-07-06,0,13
2017-07-07,0,15
2017-07-08,0,16
2017-07-09,0,14
2017-07-10,0,13
2017-07-11,0,11
2017-07-12,0,10
2017-07-13,0,10
2017-07-14,0,11
2017-07-15,0,13
2017-07-16,0,13
2017-07-17,0,12
2017-07-18,0,11
2017-07-19,0,10
2017-07-20,0,9
2017-07-21,0,8
2017-07-22,0,10
2017-07-23,0,11
2017-07-24,0,8
2017-07-25,0,9
2017-07-26,0,10
2017-07-27,0,11
2017-07-28,0,11
2017-07-29,0,11
2017-07-30,0,11
2017-07-31,0,12
2017-08-01,0,14
2017-08-02,0,15
2017-08-03,0,15
2017-08-04,0,14
2017-08-05,0,11
2017-08-06,0,10
2017-08-07,0,9
2017-08-08,0,10
2017-08-09,0,10
2017-08-10,0,10
2017-08-11,0,10
2017-08-12,0,10
2017-08-13,0,9
2017-08-14,0,5
2017-08-15,0,3
2017-08-16,0,4
2017-08-17,0,6
2017-08-18,0,8
2017-08-19,0,9
2017-08-20,0,7
2017-08-21,0,7
2017-08-22,0,8
2017-08-23,0,8
2017-08-24,0,8
2017-08-25,0,9
2017-08-26,0,13
2017-08-27,0,14
2017-08-28,0,15
2017-08-29,0,15
2017-08-30,0,15
2017-08-31,0,15
2017-09-01,0,18
2017-09-02,0,19
2017-09-03,0,17
2017-09-04,0,12
2017-09-05,0,12
2017-09-06,0,11
2017-09-07,0,9
2017-09-08,0,7
2017-09-09,0,7
2017-09-10,0,10
2017-09-11,0,13
2017-09-12,0,10
2017-09-13,0,6
2017-09-14,0,1
2017-09-15,0,1
2017-09-16,0,2
2017-09-17,0,2
2017-09-18,1,3
2017-09-19,1,1
2017-09-20,2,1
2017-09-21,4,0
2017-09-22,7,0
2017-09-23,5,0
2017-09-24,2,0
2017-09-25,1,2
2017-09-26,0,3
2017-09-27,0,5
2017-09-28,0,6
2017-09-29,0,6
2017-09-30,0,3
2017-10-01,1,1
2017-10-02,2,0
2017-10-03,6,0
2017-10-04,3,0
2017-10-05,2,1
2017-10-06,0,4
2017-10-07,0,6
2017-10-08,1,2
2017-10-09,1,1
2017-10-10,1,1
2017-10-11,3,0
2017-10-12,4,0
2017-10-13,4,0
2017-10-14,3,2
2017-10-15,1,4
2017-10-16,1,6
2017-10-17,1,6
2017-10-18,1,4
2017-10-19,3,1
2017-10-20,7,0
2017-10-21,6,0
2017-10-22,3,2
2017-10-23,1,7
2017-10-24,0,8
2017-10-25,0,9
2017-10-26,0,6
2017-10-27,0,5
2017-10-28,0,3
2017-10-29,1,1
2017-10-30,6,0
2017-10-31,7,0
2017-11-01,6,0
2017-11-02,9,0
2017-11-03,9,0
2017-11-04,8,0
2017-11-05,11,0
2017-11-06,10,0
2017-11-07,8,0
2017-11-08,8,0
2017-11-09,8,0
2017-11-10,8,0
2017-11-11,8,0
2017-11-12,9,0
2017-11-13,7,0
2017-11-14,7,0
2017-11-15,5,0
2017-11-16,4,0
2017-11-17,6,0
2017-11-18,10,0
2017-11-19,11,0
2017-11-20,9,0
2017-11-21,3,1
2017-11-22,1,3
2017-11-23,2,3
2017-11-24,2,2
2017-11-25,2,2
2017-11-26,4,0
2017-11-27,11,0
2017-11-28,13,0
2017-11-29,10,0
2017-11-30,10,0
2017-12-01,9,0
2017-12-02,9,0
2017-12-03,12,0
2017-12-04,16,0
2017-12-05,15,0
2017-12-06,13,0
2017-12-07,10,0
2017-12-08,8,0
2017-12-09,7,0
2017-12-10,7,0
2017-12-11,6,0
2017-12-12,8,0
2017-12-13,8,0
2017-12-14,8,0
2017-12-15,8,0
2017-12-16,14,0
2017-12-17,14,0
2017-12-18,13,0
2017-12-19,14,0
2017-12-20,18,0
2017-12-21,21,0
2017-12-22,21,0
2017-12-23,17,0
2017-12-24,13,0
2017-12-25,12,0
2017-12-26,12,0
2017-12-27,10,0
2017-12-28,9,0
2017-12-29,7,0
2017-12-30,8,0
2017-12-31,11,0
2018-01-01,10,0
2018-01-02,8,0
2018-01-03,9,0
2018-01-04,8,0
2018-01-05,7,0
2018-01-06,8,0
2018-01-07,9,0
2018-01-08,11,0
2018-01-09,12,0
2018-01-10,14,0
2018-01-11,12,0
2018-01-12,10,0
2018-01-13,7,0
2018-01-14,6,0
2018-01-15,8,0
2018-01-16,9,0
2018-01-17,7,0
2018-01-18,7,0
2018-01-19,14,0
2018-01-20,19,0
2018-01-21,20,0
2018-01-22,18,0
2018-01-23,14,0
2018-01-24,13,0
2018-01-25,18,0
2018-01-26,18,0
2018-01-27,15,0
2018-01-28,9,0
2018-01-29,6,1
2018-01-30,4,0
2018-01-31,5,0
2018-02-01,5,0
2018-02-02,4,0
2018-02-03,3,0
2018-02-04,3,0
2018-02-05,4,0
2018-02-06,6,0
2018-02-07,5,0
2018-02-08,3,0
2018-02-09,4,0
2018-02-10,9,0
2018-02-11,12,0
2018-02-12,17,0
2018-02-13,17,0
2018-02-14,15,0
2018-02-15,13,0
2018-02-16,14,0
2018-02-17,11,0
2018-02-18,14,0
2018-02-19,15,0
2018-02-20,22,0
2018-02-21,21,0
2018-02-22,23,0
2018-02-23,23,0
2018-02-24,21,0
2018-02-25,20,0
2018-02-26,16,0
2018-02-27,23,0
2018-02-28,21,0
2018-03-01,20,0
2018-03-02,19,0
2018-03-03,20,0
2018-03-04,20,0
2018-03-05,18,0
2018-03-06,14,0
2018-03-07,12,0
2018-03-08,10,0
2018-03-09,11,0
2018-03-10,14,0
2018-03-11,11,0
2018-03-12,10,0
2018-03-13,11,0
2018-03-14,15,0
2018-03-15,17,0
2018-03-16,19,0
2018-03-17,19,0
2018-03-18,19,0
2018-03-19,15,0
2018-03-20,15,0
2018-03-21,12,0
2018-03-22,12,0
2018-03-23,14,0
2018-03-24,17,0
2018-03-25,18,0
2018-03-26,17,0
2018-03-27,13,0
2018-03-28,10,0
2018-03-29,7,0
2018-03-30,5,0
2018-03-31,6,0
2018-04-01,7,0
2018-04-02,10,0
2018-04-03,9,0
2018-04-04,9,0
2018-04-05,9,0
2018-04-06,10,0
2018-04-07,9,0
2018-04-08,9,0
2018-04-09,5,0
2018-04-10,5,0
2018-04-11,7,0
2018-04-12,14,0
2018-04-13,12,0
2018-04-14,9,0
2018-04-15,6,0
2018-04-16,14,0
2018-04-17,14,0
2018-04-18,13,0
2018-04-19,14,0
2018-04-20,8,0
2018-04-21,3,0
2018-04-22,1,1
2018-04-23,0,1
2018-04-24,1,1
2018-04-25,2,1
2018-04-26,4,0
2018-04-27,7,0
2018-04-28,8,0
2018-04-29,10,0
2018-04-30,11,0
2018-05-01,12,0
2018-05-02,10,0
2018-05-03,6,0
2018-05-04,1,0
2018-05-05,1,2
2018-05-06,1,2
2018-05-07,1,1
2018-05-08,0,1
2018-05-09,1,2
2018-05-10,1,1
2018-05-11,6,0
2018-05-12,6,0
2018-05-13,6,0
2018-05-14,5,0
2018-05-15,5,0
2018-05-16,6,0
2018-05-17,6,0
2018-05-18,5,0
2018-05-19,4,0
2018-05-20,5,0
2018-05-21,6,0
2018-05-22,4,0
2018-05-23,4,0
2018-05-24,5,0
2018-05-25,7,0
2018-05-26,7,0
2018-05-27,3,0
2018-05-28,0,2
2018-05-29,0,4
2018-05-30,2,1
2018-05-31,5,0
2018-06-01,3,0
2018-06-02,0,3
2018-06-03,0,7
2018-06-04,0,6
2018-06-05,1,3
2018-06-06,1,1
2018-06-07,1,1
2018-06-08,0,3
2018-06-09,1,3
2018-06-10,2,2
2018-06-11,0,4
2018-06-12,0,7
2018-06-13,0,8
2018-06-14,0,7
2018-06-15,0,5
2018-06-16,2,1
2018-06-17,4,0
2018-06-18,1,0
2018-06-19,0,2
2018-06-20,0,6
2018-06-21,0,7
2018-06-22,0,9
2018-06-23,0,7
2018-06-24,0,7
2018-06-25,0,6
2018-06-26,0,7
2018-06-27,0,6
2018-06-28,0,4
2018-06-29,0,4
2018-06-30,0,6
2018-07-01,0,7
2018-07-02,0,7
2018-07-03,0,5
2018-07-04,0,5
2018-07-05,0,8
2018-07-06,0,13
2018-07-07,0,15
2018-07-08,0,15
2018-07-09,0,14
2018-07-10,0,13
2018-07-11,0,12
2018-07-12,0,11
2018-07-13,0,12
2018-07-14,0,13
2018-07-15,0,12
2018-07-16,0,12
2018-07-17,0,12
2018-07-18,0,12
2018-07-19,0,13
2018-07-20,0,11
2018-07-21,0,11
2018-07-22,0,12
2018-07-23,0,14
2018-07-24,0,16
2018-07-25,0,16
2018-07-26,0,15
2018-07-27,0,14
2018-07-28,0,12
2018-07-29,0,13
2018-07-30,0,13
2018-07-31,0,14
2018-08-01,0,14
2018-08-02,0,12
2018-08-03,0,12
2018-08-04,0,12
2018-08-05,0,11
2018-08-06,0,12
2018-08-07,0,13
2018-08-08,0,13
2018-08-09,0,14
2018-08-10,0,14
2018-08-11,0,12
2018-08-12,0,11
2018-08-13,0,10
2018-08-14,0,9
2018-08-15,0,9
2018-08-16,0,11
2018-08-17,0,12
2018-08-18,0,12
2018-08-19,0,12
2018-08-20,0,11
2018-08-21,0,8
2018-08-22,0,8
2018-08-23,0,7
2018-08-24,0,6
2018-08-25,0,6
2018-08-26,0,6
2018-08-27,0,4
2018-08-28,0,4
2018-08-29,0,5
2018-08-30,0,6
2018-08-31,0,6
2018-09-01,0,6
2018-09-02,0,6
2018-09-03,0,7
2018-09-04,0,8
2018-09-05,0,7
2018-09-06,0,8
2018-09-07,0,10
2018-09-08,0,11
2018-09-09,0,10
2018-09-10,0,8
2018-09-11,0,7
2018-09-12,1,5
2018-09-13,1,4
2018-09-14,1,5
2018-09-15,1,5
2018-09-16,1,4
2018-09-17,1,4
2018-09-18,1,4
2018-09-19,0,3
2018-09-20,0,5
2018-09-21,0,6
2018-09-22,0,7
2018-09-23,0,6
2018-09-24,0,4
2018-09-25,0,5
2018-09-26,0,7
2018-09-27,0,9
2018-09-28,0,6
2018-09-29,1,3
2018-09-30,1,3
2018-10-01,1,5
2018-10-02,0,4
2018-10-03,0,1
2018-10-04,1,0
2018-10-05,2,1
2018-10-06,2,0
2018-10-07,2,0
2018-10-08,2,0
2018-10-09,2,0
2018-10-10,5,0
2018-10-11,4,0
2018-10-12,2,0
2018-10-13,3,0
2018-10-14,3,0
2018-10-15,2,0
2018-10-16,2,0
2018-10-17,2,0
2018-10-18,1,1
2018-10-19,1,2
2018-10-20,0,3
2018-10-21,1,1
2018-10-22,1,0
2018-10-23,2,0
2018-10-24,2,1
2018-10-25,1,1
2018-10-26,1,3
2018-10-27,1,3
2018-10-28,1,2
2018-10-29,3,0
2018-10-30,5,0
2018-10-31,4,0
2018-11-01,2,0
2018-11-02,1,2
2018-11-03,1,2
2018-11-04,1,2
2018-11-05,2,0
2018-11-06,4,0
2018-11-07,5,0
2018-11-08,6,0
2018-11-09,7,0
2018-11-10,8,0
2018-11-11,9,0
2018-11-12,9,0
2018-11-13,9,0
2018-11-14,7,0
2018-11-15,7,0
2018-11-16,7,0
2018-11-17,9,0
2018-11-18,9,0
2018-11-19,10,0
2018-11-20,9,0
2018-11-21,11,0
2018-11-22,12,0
2018-11-23,12,0
2018-11-24,10,0
2018-11-25,9,0
2018-11-26,8,0
2018-11-27,9,0
2018-11-28,11,0
2018-11-29,13,0
2018-11-30,13,0
2018-12-01,16,0
2018-12-02,18,0
2018-12-03,18,0
2018-12-04,16,0
2018-12-05,17,0
2018-12-06,16,0
2018-12-07,14,0
2018-12-08,13,0
2018-12-09,13,0
2018-12-10,14,0
2018-12-11,14,0
2018-12-12,14,0
2018-12-13,12,0
2018-12-14,13,0
2018-12-15,11,0
2018-12-16,12,0
2018-12-17,13,0
2018-12-18,13,0
2018-12-19,11,0
2018-12-20,10,0
2018-12-21,11,0
2018-12-22,12,0
2018-12-23,13,0
2018-12-24,13,0
2018-12-25,15,0
2018-12-26,17,0
2018-12-27,19,0
2018-12-28,20,0
2018-12-29,20,0
2018-12-30,18,0
2018-12-31,21,0
2019-01-01,22,0
2019-01-02,21,0
2019-01-03,19,0
2019-01-04,17,0
2019-01-05,20,0
2019-01-06,19,0
2019-01-07,16,0
2019-01-08,13,0
2019-01-09,13,0
2019-01-10,14,0
2019-01-11,13,0
2019-01-12,15,0
2019-01-13,17,0
2019-01-14,19,0
2019-01-15,17,0
2019-01-16,14,0
2019-01-17,13,0
2019-01-18,12,0
2019-01-19,10,0
2019-01-20,10,0
2019-01-21,17,0
2019-01-22,18,0
2019-01-23,16,0
2019-01-24,13,0
2019-01-25,10,0
2019-01-26,9,0
2019-01-27,7,0
2019-01-28,8,0
2019-01-29,8,0
2019-01-30,10,0
2019-01-31,13,0
2019-02-01,15,0
2019-02-02,15,0
2019-02-03,16,0
2019-02-04,17,0
2019-02-05,22,0
2019-02-06,24,0
2019-02-07,24,0
2019-02-08,22,0
2019-02-09,21,0
2019-02-10,22,0
2019-02-11,23,0
2019-02-12,21,0
2019-02-13,17,0
2019-02-14,14,0
2019-02-15,18,0
2019-02-16,20,0
2019-02-17,22,0
2019-02-18,23,0
2019-02-19,24,0
2019-02-20,24,0
2019-02-21,24,0
2019-02-22,23,0
2019-02-23,22,0
2019-02-24,18,0
2019-02-25,16,0
2019-02-26,15,0
2019-02-27,14,0
2019-02-28,12,0
2019-03-01,13,0
2019-03-02,13,0
2019-03-03,12,0
2019-03-04,14,0
2019-03-05,14,0
2019-03-06,13,0
2019-03-07,14,0
2019-03-08,19,0
2019-03-09,20,0
2019-03-10,19,0
2019-03-11,17,0
2019-03-12,15,0
2019-03-13,16,0
2019-03-14,15,0
2019-03-15,12,0
2019-03-16,9,0
2019-03-17,6,0
2019-03-18,6,0
2019-03-19,7,0
2019-03-20,13,0
2019-03-21,15,0
2019-03-22,15,0
2019-03-23,14,0
2019-03-24,12,0
2019-03-25,11,0
2019-03-26,9,0
2019-03-27,11,0
2019-03-28,12,0
2019-03-29,12,0
2019-03-30,10,0
2019-03-31,6,0
2019-04-01,4,0
2019-04-02,8,0
2019-04-03,10,0
2019-04-04,11,0
2019-04-05,12,0
2019-04-06,9,0
2019-04-07,4,0
2019-04-08,2,1
2019-04-09,6,0
2019-04-10,9,0
2019-04-11,10,0
2019-04-12,9,0
2019-04-13,7,0
2019-04-14,6,0
2019-04-15,9,0
2019-04-16,11,0
2019-04-17,6,0
2019-04-18,1,0
2019-04-19,1,0
2019-04-20,7,0
2019-04-21,8,0
2019-04-22,6,0
2019-04-23,1,0
2019-04-24,0,2
2019-04-25,0,3
2019-04-26,0,1
2019-04-27,2,1
2019-04-28,3,0
2019-04-29,7,0
2019-04-30,8,0
2019-05-01,7,0
2019-05-02,5,0
2019-05-03,4,0
2019-05-04,3,0
2019-05-05,6,0
2019-05-06,8,0
2019-05-07,7,0
2019-05-08,5,0
2019-05-09,6,0
2019-05-10,5,0
2019-05-11,2,0
2019-05-12,2,0
2019-05-13,2,1
2019-05-14,2,0
2019-05-15,5,0
2019-05-16,9,0
2019-05-17,10,0
2019-05-18,10,0
2019-05-19,13,0
2019-05-20,11,0
2019-05-21,12,0
2019-05-22,10,0
2019-05-23,10,0
2019-05-24,6,0
2019-05-25,7,0
2019-05-26,12,0
2019-05-27,11,0
2019-05-28,7,0
2019-05-29,3,0
2019-05-30,1,0
2019-05-31,1,1
2019-06-01,2,1
2019-06-02,2,1
2019-06-03,1,2
2019-06-04,0,4
2019-06-05,0,6
2019-06-06,0,3
2019-06-07,2,0
2019-06-08,1,2
2019-06-09,0,6
2019-06-10,0,10
2019-06-11,0,12
2019-06-12,0,11
2019-06-13,0,5
2019-06-14,0,3
2019-06-15,0,3
2019-06-16,0,3
2019-06-17,0,3
2019-06-18,0,5
2019-06-19,0,6
2019-06-20,0,3
2019-06-21,1,1
2019-06-22,0,2
2019-06-23,0,5
2019-06-24,0,5
2019-06-25,0,3
2019-06-26,1,2
2019-06-27,1,2
2019-06-28,1,2
2019-06-29,0,3
2019-06-30,0,6
2019-07-01,0,5
2019-07-02,0,5
2019-07-03,0,3
2019-07-04,0,3
2019-07-05,0,4
2019-07-06,0,5
2019-07-07,0,4
2019-07-08,0,2
2019-07-09,0,4
2019-07-10,0,6
2019-07-11,0,8
2019-07-12,0,10
2019-07-13,0,11
2019-07-14,0,11
2019-07-15,0,11
2019-07-16,0,9
2019-07-17,0,7
2019-07-18,0,7
2019-07-19,0,5
2019-07-20,0,6
2019-07-21,0,8
2019-07-22,0,11
2019-07-23,0,12
2019-07-24,0,14
2019-07-25,0,14
2019-07-26,0,13
2019-07-27,0,13
2019-07-28,0,13
2019-07-29,0,10
2019-07-30,0,9
2019-07-31,0,8
2019-08-01,0,8
2019-08-02,0,10
2019-08-03,0,11
2019-08-04,0,11
2019-08-05,0,12
2019-08-06,0,11
2019-08-07,0,10
2019-08-08,0,8
2019-08-09,0,6
2019-08-10,0,5
2019-08-11,0,5
2019-08-12,0,7
2019-08-13,0,9
2019-08-14,0,12
2019-08-15,0,13
2019-08-16,0,11
2019-08-17,0,7
2019-08-18,0,6
2019-08-19,0,6
2019-08-20,0,7
2019-08-21,0,9
2019-08-22,0,9
2019-08-23,0,9
2019-08-24,0,10
2019-08-25,0,12
2019-08-26,0,13
2019-08-27,0,13
2019-08-28,0,11
2019-08-29,0,10
2019-08-30,0,11
2019-08-31,0,11
2019-09-01,0,12
2019-09-02,0,13
2019-09-03,0,13
2019-09-04,0,14
2019-09-05,0,13
2019-09-06,0,12
2019-09-07,0,9
2019-09-08,0,3
2019-09-09,0,2
2019-09-10,1,1
2019-09-11,0,3
2019-09-12,0,7
2019-09-13,0,11
2019-09-14,0,13
2019-09-15,0,9
2019-09-16,1,5
2019-09-17,1,3
2019-09-18,1,2
2019-09-19,2,1
2019-09-20,1,1
2019-09-21,0,4
2019-09-22,0,6
2019-09-23,0,4
2019-09-24,0,8
2019-09-25,0,9
2019-09-26,0,5
2019-09-27,0,2
2019-09-28,3,0
2019-09-29,8,0
2019-09-30,9,0
2019-10-01,8,0
2019-10-02,5,0
2019-10-03,4,0
2019-10-04,4,0
2019-10-05,2,1
2019-10-06,1,3
2019-10-07,0,5
2019-10-08,0,4
2019-10-09,2,0
2019-10-10,4,0
2019-10-11,3,1
2019-10-12,2,1
2019-10-13,3,0
2019-10-14,4,0
2019-10-15,2,0
2019-10-16,2,2
2019-10-17,3,0
2019-10-18,4,0
2019-10-19,4,0
2019-10-20,3,1
2019-10-21,1,3
2019-10-22,1,6
2019-10-23,0,5
2019-10-24,0,6
2019-10-25,0,6
2019-10-26,1,3
2019-10-27,7,0
2019-10-28,8,0
2019-10-29,11,0
2019-10-30,11,0
2019-10-31,9,0
2019-11-01,7,0
2019-11-02,4,0
2019-11-03,3,0
2019-11-04,3,0
2019-11-05,3,0
2019-11-06,4,0
2019-11-07,3,0
2019-11-08,2,1
2019-11-09,2,2
2019-11-10,3,0
2019-11-11,3,0
2019-11-12,2,0
2019-11-13,3,0
2019-11-14,5,0
2019-11-15,7,0
2019-11-16,5,0
2019-11-17,2,2
2019-11-18,2,2
2019-11-19,5,0
2019-11-20,13,0
2019-11-21,13,0
2019-11-22,13,0
2019-11-23,11,0
2019-11-24,9,0
2019-11-25,12,0
2019-11-26,17,0
2019-11-27,20,0
2019-11-28,23,0
2019-11-29,23,0
2019-11-30,23,0
2019-12-01,18,0
2019-12-02,13,0
2019-12-03,12,0
2019-12-04,14,0
2019-12-05,13,0
2019-12-06,12,0
2019-12-07,12,0
2019-12-08,11,0
2019-12-09,14,0
2019-12-10,15,0
2019-12-11,14,0
2019-12-12,10,0
2019-12-13,9,0
2019-12-14,13,0
2019-12-15,17,0
2019-12-16,18,0
2019-12-17,18,0
2019-12-18,18,0
2019-12-19,17,0
2019-12-20,13,0
2019-12-21,12,0
2019-12-22,14,0
2019-12-23,18,0
2019-12-24,19,0
2019-12-25,21,0
2019-12-26,21,0
2019-12-27,21,0
2019-12-28,20,0
2019-12-29,20,0
2019-12-30,18,0
2019-12-31,14,0
2020-01-01,15,0
2020-01-02,14,0
2020-01-03,11,0
2020-01-04,13,0
2020-01-05,15,0
2020-01-06,13,0
2020-01-07,13,0
2020-01-08,18,0
2020-01-09,19,0
2020-01-10,18,0
2020-01-11,19,0
2020-01-12,19,0
2020-01-13,19,0
2020-01-14,19,0
2020-01-15,18,0
2020-01-16,20,0
2020-01-17,20,0
2020-01-18,18,0
2020-01-19,15,0
2020-01-20,14,0
2020-01-21,15,0
2020-01-22,14,0
2020-01-23,12,0
2020-01-24,11,0
2020-01-25,11,0
2020-01-26,13,0
2020-01-27,13,0
2020-01-28,13,0
2020-01-29,14,0
2020-01-30,12,0
2020-01-31,9,0
2020-02-01,6,0
2020-02-02,11,0
2020-02-03,21,0
2020-02-04,24,0
2020-02-05,22,0
2020-02-06,16,0
2020-02-07,13,0
2020-02-08,13,0
2020-02-09,18,0
2020-02-10,14,0
2020-02-11,13,0
2020-02-12,14,0
2020-02-13,14,0
2020-02-14,14,0
2020-02-15,13,0
2020-02-16,12,0
2020-02-17,11,0
2020-02-18,12,0
2020-02-19,12,0
2020-02-20,11,0
2020-02-21,9,0
2020-02-22,13,0
2020-02-23,13,0
2020-02-24,11,0
2020-02-25,9,0
2020-02-26,6,0
2020-02-27,5,0
2020-02-28,4,1
2020-02-29,9,0
2020-03-01,17,0
2020-03-02,15,0
2020-03-03,10,0
2020-03-04,8,0
2020-03-05,7,0
2020-03-06,9,0
2020-03-07,15,0
2020-03-08,16,0
2020-03-09,13,0
2020-03-10,12,0
2020-03-11,10,0
2020-03-12,11,0
2020-03-13,14,0
2020-03-14,16,0
2020-03-15,16,0
2020-03-16,18,0
2020-03-17,21,0
2020-03-18,21,0
2020-03-19,19,0
2020-03-20,17,0
2020-03-21,15,0
2020-03-22,13,0
2020-03-23,15,0
2020-03-24,16,0
2020-03-25,17,0
2020-03-26,20,0
2020-03-27,19,0
2020-03-28,18,0
2020-03-29,16,0
2020-03-30,13,0
2020-03-31,9,0
2020-04-01,10,0
2020-04-02,12,0
2020-04-03,13,0
2020-04-04,15,0
2020-04-05,17,0
2020-04-06,17,0
2020-04-07,16,0
2020-04-08,17,0
2020-04-09,17,0
2020-04-10,14,0
2020-04-11,11,0
2020-04-12,12,0
2020-04-13,11,0
2020-04-14,8,0
2020-04-15,5,0
2020-04-16,7,0
2020-04-17,10,0
2020-04-18,12,0
2020-04-19,10,0
2020-04-20,11,0
2020-04-21,8,0
2020-04-22,3,0
2020-04-23,2,1
2020-04-24,1,4
2020-04-25,1,4
2020-04-26,0,2
2020-04-27,1,1
2020-04-28,0,3
2020-04-29,0,2
2020-04-30,1,2
2020-05-01,2,1
2020-05-02,4,0
2020-05-03,4,0
2020-05-04,2,1
2020-05-05,2,2
2020-05-06,1,4
2020-05-07,0,5
2020-05-08,0,5
2020-05-09,0,3
2020-05-10,1,1
2020-05-11,4,0
2020-05-12,7,0
2020-05-13,7,0
2020-05-14,6,0
2020-05-15,3,0
2020-05-16,2,1
2020-05-17,2,0
2020-05-18,6,0
2020-05-19,10,0
2020-05-20,7,0
2020-05-21,3,0
2020-05-22,4,0
2020-05-23,4,0
2020-05-24,1,0
2020-05-25,0,4
2020-05-26,0,8
2020-05-27,0,9
2020-05-28,0,8
2020-05-29,0,4
2020-05-30,2,0
2020-05-31,2,0
2020-06-01,1,1
2020-06-02,0,5
2020-06-03,0,10
2020-06-04,0,8
2020-06-05,1,1
2020-06-06,4,0
2020-06-07,6,0
2020-06-08,2,0
2020-06-09,1,3
2020-06-10,0,8
2020-06-11,0,7
2020-06-12,1,2
2020-06-13,3,0
2020-06-14,1,0
2020-06-15,1,2
2020-06-16,1,0
2020-06-17,1,1
2020-06-18,0,2
2020-06-19,0,4
2020-06-20,0,5
2020-06-21,0,6
2020-06-22,0,7
2020-06-23,0,8
2020-06-24,0,8
2020-06-25,0,7
2020-06-26,0,8
2020-06-27,0,8
2020-06-28,1,2
2020-06-29,1,0
2020-06-30,0,2
2020-07-01,0,2
2020-07-02,0,3
2020-07-03,0,4
2020-07-04,0,8
2020-07-05,0,9
2020-07-06,0,8
2020-07-07,0,6
2020-07-08,0,6
2020-07-09,0,7
2020-07-10,0,10
2020-07-11,0,13
2020-07-12,0,13
2020-07-13,0,10
2020-07-14,0,6
2020-07-15,0,6
2020-07-16,0,7
2020-07-17,0,7
2020-07-18,0,9
2020-07-19,0,9
2020-07-20,0,8
2020-07-21,0,8
2020-07-22,0,5
2020-07-23,0,4
2020-07-24,0,5
2020-07-25,0,6
2020-07-26,0,8
2020-07-27,0,8
2020-07-28,0,9
2020-07-29,0,9
2020-07-30,0,10
2020-07-31,0,12
2020-08-01,0,11
2020-08-02,0,11
2020-08-03,0,10
2020-08-04,0,7
2020-08-05,0,5
2020-08-06,0,3
2020-08-07,0,4
2020-08-08,0,6
2020-08-09,0,9
2020-08-10,0,9
2020-08-11,0,9
2020-08-12,0,10
2020-08-13,0,12
2020-08-14,0,16
2020-08-15,0,18
2020-08-16,0,17
2020-08-17,0,16
2020-08-18,0,18
2020-08-19,0,16
2020-08-20,0,14
2020-08-21,0,13
2020-08-22,0,13
2020-08-23,0,12
2020-08-24,0,12
2020-08-25,0,11
2020-08-26,0,11
2020-08-27,0,10
2020-08-28,0,9
2020-08-29,0,8
2020-08-30,0,7
2020-08-31,0,7
2020-09-01,0,7
2020-09-02,0,7
2020-09-03,0,9
2020-09-04,0,12
2020-09-05,0,16
2020-09-06,0,18
2020-09-07,0,16
2020-09-08,0,9
2020-09-09,0,6
2020-09-10,0,3
2020-09-11,0,4
2020-09-12,0,6
2020-09-13,0,6
2020-09-14,0,7
2020-09-15,0,7
2020-09-16,0,9
2020-09-17,0,8
2020-09-18,0,8
2020-09-19,0,6
2020-09-20,0,6
2020-09-21,0,5
2020-09-22,0,6
2020-09-23,0,6
2020-09-24,0,6
2020-09-25,0,5
2020-09-26,0,5
2020-09-27,0,6
2020-09-28,0,9
2020-09-29,0,11
2020-09-30,0,12
2020-10-01,0,13
2020-10-02,0,12
2020-10-03,0,11
2020-10-04,0,9
2020-10-05,0,8
2020-10-06,0,6
2020-10-07,0,5
2020-10-08,1,1
2020-10-09,1,0
2020-10-10,2,0
2020-10-11,1,1
2020-10-12,0,5
2020-10-13,0,7
2020-10-14,0,8
2020-10-15,0,9
2020-10-16,0,9
2020-10-17,0,8
2020-10-18,0,5
2020-10-19,0,4
2020-10-20,0,4
2020-10-21,0,2
2020-10-22,1,0
2020-10-23,3,0
2020-10-24,5,0
2020-10-25,8,0
2020-10-26,10,0
2020-10-27,8,0
2020-10-28,4,0
2020-10-29,2,0
2020-10-30,2,1
2020-10-31,1,1
2020-11-01,1,2
2020-11-02,1,2
2020-11-03,1,1
2020-11-04,1,2
2020-11-05,1,3
2020-11-06,5,0
2020-11-07,16,0
2020-11-08,18,0
2020-11-09,20,0
2020-11-10,18,0
2020-11-11,16,0
2020-11-12,14,0
2020-11-13,14,0
2020-11-14,12,0
2020-11-15,8,0
2020-11-16,4,1
2020-11-17,6,0
2020-11-18,10,0
2020-11-19,10,0
2020-11-20,11,0
2020-11-21,9,0
2020-11-22,10,0
2020-11-23,14,0
2020-11-24,13,0
2020-11-25,15,0
2020-11-26,16,0
2020-11-27,14,0
2020-11-28,13,0
2020-11-29,12,0
2020-11-30,11,0
2020-12-01,10,0
2020-12-02,10,0
2020-12-03,11,0
2020-12-04,12,0
2020-12-05,12,0
2020-12-06,12,0
2020-12-07,12,0
2020-12-08,8,0
2020-12-09,8,0
2020-12-10,14,0
2020-12-11,17,0
2020-12-12,18,0
2020-12-13,16,0
2020-12-14,18,0
2020-12-15,18,0
2020-12-16,15,0
2020-12-17,17,0
2020-12-18,17,0
2020-12-19,15,0
2020-12-20,11,0
2020-12-21,9,0
2020-12-22,14,0
2020-12-23,16,0
2020-12-24,16,0
2020-12-25,13,0
2020-12-26,15,0
2020-12-27,17,0
2020-12-28,21,0
2020-12-29,20,0
2020-12-30,18,0
2020-12-31,20,0
2021-01-01,17,0
2021-01-02,17,0
2021-01-03,16,0
2021-01-04,15,0
2021-01-05,15,0
2021-01-06,15,0
2021-01-07,14,0
2021-01-08,14,0
2021-01-09,15,0
2021-01-10,15,0
2021-01-11,14,0
2021-01-12,14,0
2021-01-13,10,0
2021-01-14,6,0
2021-01-15,5,1
2021-01-16,4,0
2021-01-17,4,0
2021-01-18,7,0
2021-01-19,14,0
2021-01-20,11,0
2021-01-21,12,0
2021-01-22,18,0
2021-01-23,19,0
2021-01-24,21,0
2021-01-25,24,0
2021-01-26,25,0
2021-01-27,24,0
2021-01-28,20,0
2021-01-29,21,0
2021-01-30,20,0
2021-01-31,17,0
2021-02-01,12,0
2021-02-02,11,0
2021-02-03,15,0
2021-02-04,16,0
2021-02-05,14,0
2021-02-06,11,0
2021-02-07,11,0
2021-02-08,13,0
2021-02-09,15,0
2021-02-10,14,0
2021-02-11,14,0
2021-02-12,15,0
2021-02-13,16,0
2021-02-14,17,0
2021-02-15,16,0
2021-02-16,15,0
2021-02-17,17,0
2021-02-18,16,0
2021-02-19,15,0
2021-02-20,17,0
2021-02-21,14,0
2021-02-22,10,0
2021-02-23,8,0
2021-02-24,10,0
2021-02-25,13,0
2021-02-26,14,0
2021-02-27,15,0
2021-02-28,15,0
2021-03-01,13,0
2021-03-02,12,0
2021-03-03,17,0
2021-03-04,15,0
2021-03-05,12,0
2021-03-06,14,0
2021-03-07,15,0
